{
    "0": {
        "accuracy": 0.6920583468395461,
        "precision": 0.6909084404051089,
        "recall": 0.6920583468395461,
        "weighted_f1": 0.690966421303836,
        "macro_f1": 0.6683199370771143
    },
    "1": {
        "accuracy": 0.6839546191247974,
        "precision": 0.6833520177342054,
        "recall": 0.6839546191247974,
        "weighted_f1": 0.6832376445573917,
        "macro_f1": 0.6639392495748164
    },
    "2": {
        "accuracy": 0.706645056726094,
        "precision": 0.7060164552265443,
        "recall": 0.706645056726094,
        "weighted_f1": 0.7061125035611997,
        "macro_f1": 0.6881108797191297
    },
    "3": {
        "accuracy": 0.6839546191247974,
        "precision": 0.68459429716938,
        "recall": 0.6839546191247974,
        "weighted_f1": 0.6835216382700335,
        "macro_f1": 0.6714347716899306
    },
    "4": {
        "accuracy": 0.6961102106969206,
        "precision": 0.6955823629600594,
        "recall": 0.6961102106969206,
        "weighted_f1": 0.6953093922069871,
        "macro_f1": 0.6786712267413155
    },
    "5": {
        "accuracy": 0.6855753646677472,
        "precision": 0.6851810916988672,
        "recall": 0.6855753646677472,
        "weighted_f1": 0.685037355901992,
        "macro_f1": 0.6690218493611247
    },
    "6": {
        "accuracy": 0.700162074554295,
        "precision": 0.6991099855360425,
        "recall": 0.700162074554295,
        "weighted_f1": 0.6980858756170727,
        "macro_f1": 0.6694943790680349
    },
    "7": {
        "accuracy": 0.7009724473257699,
        "precision": 0.7005740618004577,
        "recall": 0.7009724473257699,
        "weighted_f1": 0.7005804681432618,
        "macro_f1": 0.6861564649138203
    },
    "8": {
        "accuracy": 0.6977309562398704,
        "precision": 0.6967025059618661,
        "recall": 0.6977309562398704,
        "weighted_f1": 0.6961767083106969,
        "macro_f1": 0.6722017447965878
    },
    "9": {
        "accuracy": 0.6977309562398704,
        "precision": 0.6978137883118736,
        "recall": 0.6977309562398704,
        "weighted_f1": 0.6965260137764584,
        "macro_f1": 0.6792229261813718
    },
    "summary": "69.45\u00b10.78 69.40\u00b10.77 69.45\u00b10.78 69.36\u00b10.77 67.47\u00b10.80"
}