{
    "0": {
        "accuracy": 0.6952998379254457,
        "precision": 0.6951638868545092,
        "recall": 0.6952998379254457,
        "weighted_f1": 0.6941261372319681,
        "macro_f1": 0.6739051077539299
    },
    "1": {
        "accuracy": 0.6823338735818476,
        "precision": 0.6826798809120326,
        "recall": 0.6823338735818476,
        "weighted_f1": 0.6824182266565245,
        "macro_f1": 0.6678267146045554
    },
    "2": {
        "accuracy": 0.7082658022690438,
        "precision": 0.7081132581976861,
        "recall": 0.7082658022690438,
        "weighted_f1": 0.7076263052118434,
        "macro_f1": 0.6895917142083304
    },
    "3": {
        "accuracy": 0.692868719611021,
        "precision": 0.6931799857856772,
        "recall": 0.692868719611021,
        "weighted_f1": 0.6927907104540685,
        "macro_f1": 0.6771769551272658
    },
    "4": {
        "accuracy": 0.6717990275526742,
        "precision": 0.671692546174391,
        "recall": 0.6717990275526742,
        "weighted_f1": 0.6705121766806106,
        "macro_f1": 0.6518797367591244
    },
    "5": {
        "accuracy": 0.6888168557536467,
        "precision": 0.6886939351177248,
        "recall": 0.6888168557536467,
        "weighted_f1": 0.686982852721871,
        "macro_f1": 0.6663403717194231
    },
    "6": {
        "accuracy": 0.6823338735818476,
        "precision": 0.6813445590056779,
        "recall": 0.6823338735818476,
        "weighted_f1": 0.6813662750207501,
        "macro_f1": 0.6594182697944522
    },
    "7": {
        "accuracy": 0.6912479740680713,
        "precision": 0.6903284270576338,
        "recall": 0.6912479740680713,
        "weighted_f1": 0.6905341660989268,
        "macro_f1": 0.6694750802736283
    },
    "8": {
        "accuracy": 0.6758508914100486,
        "precision": 0.6747846382950929,
        "recall": 0.6758508914100486,
        "weighted_f1": 0.675012989088484,
        "macro_f1": 0.6526654530558239
    },
    "9": {
        "accuracy": 0.679902755267423,
        "precision": 0.6792172193458171,
        "recall": 0.679902755267423,
        "weighted_f1": 0.6782860911314312,
        "macro_f1": 0.6560929763938884
    },
    "summary": "68.69\u00b11.07 68.65\u00b11.08 68.69\u00b11.07 68.60\u00b11.08 66.64\u00b11.19"
}