{
    "0": {
        "accuracy": 0.6726094003241491,
        "precision": 0.67179729294018,
        "recall": 0.6726094003241491,
        "weighted_f1": 0.6709686883135596,
        "macro_f1": 0.6475230004377267
    },
    "1": {
        "accuracy": 0.6717990275526742,
        "precision": 0.6740955235395935,
        "recall": 0.6717990275526742,
        "weighted_f1": 0.6692523125082687,
        "macro_f1": 0.6477311218349926
    },
    "2": {
        "accuracy": 0.6677471636952999,
        "precision": 0.6664521712376357,
        "recall": 0.6677471636952999,
        "weighted_f1": 0.6656767449498908,
        "macro_f1": 0.639720140682539
    },
    "3": {
        "accuracy": 0.6839546191247974,
        "precision": 0.6831775678340061,
        "recall": 0.6839546191247974,
        "weighted_f1": 0.682229247590016,
        "macro_f1": 0.658125144448908
    },
    "4": {
        "accuracy": 0.6717990275526742,
        "precision": 0.6707047625931201,
        "recall": 0.6717990275526742,
        "weighted_f1": 0.6701197042303308,
        "macro_f1": 0.6451813149482583
    },
    "5": {
        "accuracy": 0.7034035656401945,
        "precision": 0.7052723912271041,
        "recall": 0.7034035656401945,
        "weighted_f1": 0.7020969407845147,
        "macro_f1": 0.6860265877437914
    },
    "6": {
        "accuracy": 0.666936790923825,
        "precision": 0.6671035314653618,
        "recall": 0.666936790923825,
        "weighted_f1": 0.6651732773870573,
        "macro_f1": 0.6446416420917204
    },
    "7": {
        "accuracy": 0.6758508914100486,
        "precision": 0.6753938961376137,
        "recall": 0.6758508914100486,
        "weighted_f1": 0.6746223028911739,
        "macro_f1": 0.6541538969360684
    },
    "8": {
        "accuracy": 0.679902755267423,
        "precision": 0.679318932710804,
        "recall": 0.679902755267423,
        "weighted_f1": 0.6788203359116253,
        "macro_f1": 0.6600713486177212
    },
    "9": {
        "accuracy": 0.6790923824959482,
        "precision": 0.678714011288243,
        "recall": 0.6790923824959482,
        "weighted_f1": 0.6778610610072296,
        "macro_f1": 0.6586762906704084
    },
    "summary": "67.73\u00b11.06 67.72\u00b11.12 67.73\u00b11.06 67.57\u00b11.09 65.42\u00b11.31"
}