{
    "0": {
        "accuracy": 0.6580226904376013,
        "precision": 0.6565892161841201,
        "recall": 0.6580226904376013,
        "weighted_f1": 0.6559809377647389,
        "macro_f1": 0.6286786939911763
    },
    "1": {
        "accuracy": 0.6580226904376013,
        "precision": 0.6581482456774744,
        "recall": 0.6580226904376013,
        "weighted_f1": 0.657564032715742,
        "macro_f1": 0.6379247595389866
    },
    "2": {
        "accuracy": 0.6572123176661264,
        "precision": 0.6559775808240251,
        "recall": 0.6572123176661264,
        "weighted_f1": 0.6562057602622197,
        "macro_f1": 0.6322211411634515
    },
    "3": {
        "accuracy": 0.666936790923825,
        "precision": 0.6664276238097068,
        "recall": 0.666936790923825,
        "weighted_f1": 0.6661579270105213,
        "macro_f1": 0.6473152644459167
    },
    "4": {
        "accuracy": 0.666936790923825,
        "precision": 0.6657674966419322,
        "recall": 0.666936790923825,
        "weighted_f1": 0.6661451826266274,
        "macro_f1": 0.6407401128168888
    },
    "5": {
        "accuracy": 0.6653160453808752,
        "precision": 0.6637151877105638,
        "recall": 0.6653160453808752,
        "weighted_f1": 0.6635467365130947,
        "macro_f1": 0.636632459729796
    },
    "6": {
        "accuracy": 0.653160453808752,
        "precision": 0.6526049084863179,
        "recall": 0.653160453808752,
        "weighted_f1": 0.6521540596514157,
        "macro_f1": 0.6326973278635162
    },
    "7": {
        "accuracy": 0.6815235008103727,
        "precision": 0.6808396641895305,
        "recall": 0.6815235008103727,
        "weighted_f1": 0.6808996721549097,
        "macro_f1": 0.6622186056476379
    },
    "8": {
        "accuracy": 0.6612641815235009,
        "precision": 0.6609330199039882,
        "recall": 0.6612641815235009,
        "weighted_f1": 0.6599742556917728,
        "macro_f1": 0.6359509069802142
    },
    "9": {
        "accuracy": 0.6750405186385737,
        "precision": 0.6740684417382873,
        "recall": 0.6750405186385737,
        "weighted_f1": 0.6742117817196824,
        "macro_f1": 0.6528964108598765
    },
    "summary": "66.43\u00b10.88 66.35\u00b10.87 66.43\u00b10.88 66.33\u00b10.89 64.07\u00b11.04"
}