{
    "0": {
        "accuracy": 0.6888168557536467,
        "precision": 0.6886069369892495,
        "recall": 0.6888168557536467,
        "weighted_f1": 0.6871652086719446,
        "macro_f1": 0.6660994297732603
    },
    "1": {
        "accuracy": 0.692868719611021,
        "precision": 0.6930455552861403,
        "recall": 0.692868719611021,
        "weighted_f1": 0.6910212114794969,
        "macro_f1": 0.6695482084594251
    },
    "2": {
        "accuracy": 0.6880064829821718,
        "precision": 0.6874250014604572,
        "recall": 0.6880064829821718,
        "weighted_f1": 0.6863274773312453,
        "macro_f1": 0.6612763134761281
    },
    "3": {
        "accuracy": 0.6758508914100486,
        "precision": 0.6749683424149344,
        "recall": 0.6758508914100486,
        "weighted_f1": 0.6736045570766371,
        "macro_f1": 0.6477493701145977
    },
    "4": {
        "accuracy": 0.6661264181523501,
        "precision": 0.6643843540068156,
        "recall": 0.6661264181523501,
        "weighted_f1": 0.6638286673461149,
        "macro_f1": 0.6349127001500902
    },
    "5": {
        "accuracy": 0.6912479740680713,
        "precision": 0.6911936016820781,
        "recall": 0.6912479740680713,
        "weighted_f1": 0.6892990942730042,
        "macro_f1": 0.6671629130978726
    },
    "6": {
        "accuracy": 0.6912479740680713,
        "precision": 0.6906336008236073,
        "recall": 0.6912479740680713,
        "weighted_f1": 0.6905119879188986,
        "macro_f1": 0.6690821018546741
    },
    "7": {
        "accuracy": 0.6871961102106969,
        "precision": 0.6861472359262266,
        "recall": 0.6871961102106969,
        "weighted_f1": 0.685638237296,
        "macro_f1": 0.6608511379719664
    },
    "8": {
        "accuracy": 0.7074554294975689,
        "precision": 0.7079800868930004,
        "recall": 0.7074554294975689,
        "weighted_f1": 0.7060178268227837,
        "macro_f1": 0.687367830924788
    },
    "9": {
        "accuracy": 0.6944894651539708,
        "precision": 0.6938920616792559,
        "recall": 0.6944894651539708,
        "weighted_f1": 0.6930332104216136,
        "macro_f1": 0.6699607450781025
    },
    "summary": "68.83\u00b11.10 68.78\u00b11.16 68.83\u00b11.10 68.66\u00b11.13 66.34\u00b11.40"
}