{
    "0": {
        "accuracy": 0.6880064829821718,
        "precision": 0.6872894093701728,
        "recall": 0.6880064829821718,
        "weighted_f1": 0.685825902749853,
        "macro_f1": 0.6604026723077162
    },
    "1": {
        "accuracy": 0.6961102106969206,
        "precision": 0.6949222379326121,
        "recall": 0.6961102106969206,
        "weighted_f1": 0.6947882760614493,
        "macro_f1": 0.6704398645488654
    },
    "2": {
        "accuracy": 0.6985413290113452,
        "precision": 0.6978782615537812,
        "recall": 0.6985413290113452,
        "weighted_f1": 0.698107087079489,
        "macro_f1": 0.6772779944118416
    },
    "3": {
        "accuracy": 0.6880064829821718,
        "precision": 0.6881596025458163,
        "recall": 0.6880064829821718,
        "weighted_f1": 0.6855440730476899,
        "macro_f1": 0.6604903906738131
    },
    "4": {
        "accuracy": 0.6807131280388979,
        "precision": 0.6803046122335609,
        "recall": 0.6807131280388979,
        "weighted_f1": 0.6796165427379577,
        "macro_f1": 0.6556863837630996
    },
    "5": {
        "accuracy": 0.6742301458670988,
        "precision": 0.6735771360495756,
        "recall": 0.6742301458670988,
        "weighted_f1": 0.6723024808154089,
        "macro_f1": 0.6488125595567568
    },
    "6": {
        "accuracy": 0.6766612641815235,
        "precision": 0.6760772517869676,
        "recall": 0.6766612641815235,
        "weighted_f1": 0.6746248188980012,
        "macro_f1": 0.6503208571254101
    },
    "7": {
        "accuracy": 0.6547811993517018,
        "precision": 0.6557152773403417,
        "recall": 0.6547811993517018,
        "weighted_f1": 0.6523231636216825,
        "macro_f1": 0.6295107123839243
    },
    "8": {
        "accuracy": 0.6896272285251216,
        "precision": 0.6885133440403401,
        "recall": 0.6896272285251216,
        "weighted_f1": 0.6885442358974964,
        "macro_f1": 0.6655908636382796
    },
    "9": {
        "accuracy": 0.6815235008103727,
        "precision": 0.6804241736589031,
        "recall": 0.6815235008103727,
        "weighted_f1": 0.6804375850026293,
        "macro_f1": 0.656053632888459
    },
    "summary": "68.28\u00b11.26 68.23\u00b11.22 68.28\u00b11.26 68.12\u00b11.30 65.75\u00b11.32"
}