{
    "0": {
        "accuracy": 0.6636952998379254,
        "precision": 0.6644213996486495,
        "recall": 0.6636952998379254,
        "weighted_f1": 0.6633073766088536,
        "macro_f1": 0.6460358530867903
    },
    "1": {
        "accuracy": 0.6555915721231766,
        "precision": 0.6561385221285624,
        "recall": 0.6555915721231766,
        "weighted_f1": 0.6548091804459144,
        "macro_f1": 0.6316859843334229
    },
    "2": {
        "accuracy": 0.6750405186385737,
        "precision": 0.6737034643255343,
        "recall": 0.6750405186385737,
        "weighted_f1": 0.6737880829090482,
        "macro_f1": 0.6488485373989908
    },
    "3": {
        "accuracy": 0.6645056726094003,
        "precision": 0.6631549230942722,
        "recall": 0.6645056726094003,
        "weighted_f1": 0.663351667576608,
        "macro_f1": 0.6385967329085571
    },
    "4": {
        "accuracy": 0.6628849270664505,
        "precision": 0.6632978369392336,
        "recall": 0.6628849270664505,
        "weighted_f1": 0.6615100470184083,
        "macro_f1": 0.6376365892860715
    },
    "5": {
        "accuracy": 0.6555915721231766,
        "precision": 0.6550006200817688,
        "recall": 0.6555915721231766,
        "weighted_f1": 0.6539633287658198,
        "macro_f1": 0.6291726915748909
    },
    "6": {
        "accuracy": 0.6377633711507293,
        "precision": 0.6416643522810054,
        "recall": 0.6377633711507293,
        "weighted_f1": 0.6357157549463784,
        "macro_f1": 0.6097406551020081
    },
    "7": {
        "accuracy": 0.6580226904376013,
        "precision": 0.6591101818796437,
        "recall": 0.6580226904376013,
        "weighted_f1": 0.6572025740320717,
        "macro_f1": 0.6318576559556915
    },
    "8": {
        "accuracy": 0.6515397082658023,
        "precision": 0.6504742165946416,
        "recall": 0.6515397082658023,
        "weighted_f1": 0.6501886862554547,
        "macro_f1": 0.6253873562450692
    },
    "9": {
        "accuracy": 0.6620745542949756,
        "precision": 0.6607433916039452,
        "recall": 0.6620745542949756,
        "weighted_f1": 0.6606145847885362,
        "macro_f1": 0.6363049029018755
    },
    "summary": "65.87\u00b10.98 65.88\u00b10.87 65.87\u00b10.98 65.74\u00b11.00 63.35\u00b11.10"
}