{
    "0": {
        "accuracy": 0.7733847637415622,
        "precision": 0.769891521466877,
        "recall": 0.7733847637415622,
        "weighted_f1": 0.7695846032613715,
        "macro_f1": 0.7141764071780347
    },
    "1": {
        "accuracy": 0.781099324975892,
        "precision": 0.7789693008607934,
        "recall": 0.781099324975892,
        "weighted_f1": 0.7793206663534735,
        "macro_f1": 0.7288795838619572
    },
    "2": {
        "accuracy": 0.7743490838958534,
        "precision": 0.7722844994883085,
        "recall": 0.7743490838958534,
        "weighted_f1": 0.7720617995413712,
        "macro_f1": 0.7225571504518872
    },
    "3": {
        "accuracy": 0.7608486017357763,
        "precision": 0.7598804542094274,
        "recall": 0.7608486017357763,
        "weighted_f1": 0.7602869690724249,
        "macro_f1": 0.7205934640522876
    },
    "4": {
        "accuracy": 0.7801350048216008,
        "precision": 0.7779336827916851,
        "recall": 0.7801350048216008,
        "weighted_f1": 0.7786419406832915,
        "macro_f1": 0.731426794895016
    },
    "5": {
        "accuracy": 0.7695274831243973,
        "precision": 0.7662504884898039,
        "recall": 0.7695274831243973,
        "weighted_f1": 0.7671950156870705,
        "macro_f1": 0.7107565504453062
    },
    "6": {
        "accuracy": 0.7859209257473481,
        "precision": 0.7827575173907443,
        "recall": 0.7859209257473481,
        "weighted_f1": 0.7834958287041969,
        "macro_f1": 0.7312143625159435
    },
    "7": {
        "accuracy": 0.7704918032786885,
        "precision": 0.7673076961612372,
        "recall": 0.7704918032786885,
        "weighted_f1": 0.7676720054561251,
        "macro_f1": 0.7156747434196685
    },
    "8": {
        "accuracy": 0.76374156219865,
        "precision": 0.7607084100260327,
        "recall": 0.76374156219865,
        "weighted_f1": 0.7610803333574317,
        "macro_f1": 0.7169162731103422
    },
    "9": {
        "accuracy": 0.7675988428158148,
        "precision": 0.7639936952124053,
        "recall": 0.7675988428158148,
        "weighted_f1": 0.7642622317646657,
        "macro_f1": 0.711162498774597
    },
    "summary": "77.27\u00b10.79 77.00\u00b10.79 77.27\u00b10.79 77.04\u00b10.79 72.03\u00b10.79"
}