{
    "0": {
        "accuracy": 0.7531340405014465,
        "precision": 0.7518550583314132,
        "recall": 0.7531340405014465,
        "weighted_f1": 0.7475965730277139,
        "macro_f1": 0.6996006577401926
    },
    "1": {
        "accuracy": 0.7560270009643202,
        "precision": 0.754034785285064,
        "recall": 0.7560270009643202,
        "weighted_f1": 0.75421177302251,
        "macro_f1": 0.7085067274247837
    },
    "2": {
        "accuracy": 0.759884281581485,
        "precision": 0.7627592709172414,
        "recall": 0.759884281581485,
        "weighted_f1": 0.7517465024971246,
        "macro_f1": 0.7055148837558075
    },
    "3": {
        "accuracy": 0.7357762777242044,
        "precision": 0.7318802299509845,
        "recall": 0.7357762777242044,
        "weighted_f1": 0.7311972363523958,
        "macro_f1": 0.6868083086416918
    },
    "4": {
        "accuracy": 0.7550626808100289,
        "precision": 0.7523489109518171,
        "recall": 0.7550626808100289,
        "weighted_f1": 0.7516083781941015,
        "macro_f1": 0.7051745395906296
    },
    "5": {
        "accuracy": 0.7550626808100289,
        "precision": 0.7552539762383448,
        "recall": 0.7550626808100289,
        "weighted_f1": 0.7474247067131283,
        "macro_f1": 0.6959850219260658
    },
    "6": {
        "accuracy": 0.7560270009643202,
        "precision": 0.7563508268624372,
        "recall": 0.7560270009643202,
        "weighted_f1": 0.7533558797622197,
        "macro_f1": 0.7104584897075964
    },
    "7": {
        "accuracy": 0.7618129218900676,
        "precision": 0.7609900738854406,
        "recall": 0.7618129218900676,
        "weighted_f1": 0.7582840312202864,
        "macro_f1": 0.7157838619561412
    },
    "8": {
        "accuracy": 0.7589199614271939,
        "precision": 0.7579357886639408,
        "recall": 0.7589199614271939,
        "weighted_f1": 0.7560751113279223,
        "macro_f1": 0.7082038972211694
    },
    "9": {
        "accuracy": 0.7512054001928641,
        "precision": 0.7521226269905079,
        "recall": 0.7512054001928641,
        "weighted_f1": 0.7469333128394549,
        "macro_f1": 0.6976041534069873
    },
    "summary": "75.43\u00b10.72 75.36\u00b10.85 75.43\u00b10.72 74.98\u00b10.76 70.34\u00b10.84"
}