{
    "0": {
        "accuracy": 0.7666345226615237,
        "precision": 0.7642388721142852,
        "recall": 0.7666345226615237,
        "weighted_f1": 0.7622695659934122,
        "macro_f1": 0.7158766093442237
    },
    "1": {
        "accuracy": 0.7405978784956606,
        "precision": 0.7405090967059754,
        "recall": 0.7405978784956606,
        "weighted_f1": 0.7352652238176683,
        "macro_f1": 0.6957095939470778
    },
    "2": {
        "accuracy": 0.7540983606557377,
        "precision": 0.7533626951198978,
        "recall": 0.7540983606557377,
        "weighted_f1": 0.7524514141284018,
        "macro_f1": 0.7092771574699285
    },
    "3": {
        "accuracy": 0.7569913211186113,
        "precision": 0.7559028830819546,
        "recall": 0.7569913211186113,
        "weighted_f1": 0.7563125719999051,
        "macro_f1": 0.7140457137299879
    },
    "4": {
        "accuracy": 0.7695274831243973,
        "precision": 0.7688143788844097,
        "recall": 0.7695274831243973,
        "weighted_f1": 0.7683491595629355,
        "macro_f1": 0.7272688829742272
    },
    "5": {
        "accuracy": 0.7627772420443587,
        "precision": 0.7651865833953706,
        "recall": 0.7627772420443587,
        "weighted_f1": 0.7574668771011477,
        "macro_f1": 0.7080464182003028
    },
    "6": {
        "accuracy": 0.7608486017357763,
        "precision": 0.7610534285782992,
        "recall": 0.7608486017357763,
        "weighted_f1": 0.7577084965734937,
        "macro_f1": 0.7070244574594562
    },
    "7": {
        "accuracy": 0.7647058823529411,
        "precision": 0.7609497791227476,
        "recall": 0.7647058823529411,
        "weighted_f1": 0.7604978633347451,
        "macro_f1": 0.7092658010430295
    },
    "8": {
        "accuracy": 0.7618129218900676,
        "precision": 0.7592939140196862,
        "recall": 0.7618129218900676,
        "weighted_f1": 0.7590950754002316,
        "macro_f1": 0.7089234973511939
    },
    "9": {
        "accuracy": 0.7618129218900676,
        "precision": 0.7604162068495814,
        "recall": 0.7618129218900676,
        "weighted_f1": 0.7610227691453995,
        "macro_f1": 0.7100305050976785
    },
    "summary": "76.00\u00b10.81 75.90\u00b10.79 76.00\u00b10.81 75.70\u00b10.87 71.05\u00b10.79"
}