{
    "0": {
        "accuracy": 0.7473481195756991,
        "precision": 0.7458578141556356,
        "recall": 0.7473481195756991,
        "weighted_f1": 0.7462185483543431,
        "macro_f1": 0.695946493796827
    },
    "1": {
        "accuracy": 0.7502410800385728,
        "precision": 0.7476635466355719,
        "recall": 0.7502410800385728,
        "weighted_f1": 0.7482703597472531,
        "macro_f1": 0.6930192780210066
    },
    "2": {
        "accuracy": 0.7540983606557377,
        "precision": 0.7525730601689291,
        "recall": 0.7540983606557377,
        "weighted_f1": 0.752781951327637,
        "macro_f1": 0.7033313358962593
    },
    "3": {
        "accuracy": 0.7714561234329798,
        "precision": 0.7682915018240368,
        "recall": 0.7714561234329798,
        "weighted_f1": 0.7682842926363757,
        "macro_f1": 0.7163533259227038
    },
    "4": {
        "accuracy": 0.7560270009643202,
        "precision": 0.7523263890015814,
        "recall": 0.7560270009643202,
        "weighted_f1": 0.7525326625572852,
        "macro_f1": 0.704407990576605
    },
    "summary": "75.58\u00b10.94 75.33\u00b10.89 75.58\u00b10.94 75.36\u00b10.87 70.26\u00b10.91"
}