{
    "0": {
        "accuracy": 0.7714561234329798,
        "precision": 0.7691800656138676,
        "recall": 0.7714561234329798,
        "weighted_f1": 0.7691406484600762,
        "macro_f1": 0.7240444543542731
    },
    "1": {
        "accuracy": 0.7685631629701061,
        "precision": 0.767457356845994,
        "recall": 0.7685631629701061,
        "weighted_f1": 0.7670109017534302,
        "macro_f1": 0.724109800164828
    },
    "2": {
        "accuracy": 0.7589199614271939,
        "precision": 0.7581996767856325,
        "recall": 0.7589199614271939,
        "weighted_f1": 0.7561935183181331,
        "macro_f1": 0.7057265686893919
    },
    "3": {
        "accuracy": 0.7569913211186113,
        "precision": 0.7538029204684615,
        "recall": 0.7569913211186113,
        "weighted_f1": 0.7542164697208398,
        "macro_f1": 0.7055835909220426
    },
    "4": {
        "accuracy": 0.7743490838958534,
        "precision": 0.7739005016349595,
        "recall": 0.7743490838958534,
        "weighted_f1": 0.7718579909596569,
        "macro_f1": 0.7317235000677526
    },
    "5": {
        "accuracy": 0.772420443587271,
        "precision": 0.7697173970682969,
        "recall": 0.772420443587271,
        "weighted_f1": 0.7682540461149433,
        "macro_f1": 0.7184450917592954
    },
    "6": {
        "accuracy": 0.7647058823529411,
        "precision": 0.7618397497239013,
        "recall": 0.7647058823529411,
        "weighted_f1": 0.7625347116940543,
        "macro_f1": 0.713833520208016
    },
    "7": {
        "accuracy": 0.7647058823529411,
        "precision": 0.7628423960377634,
        "recall": 0.7647058823529411,
        "weighted_f1": 0.7627967711404343,
        "macro_f1": 0.7122249455698304
    },
    "8": {
        "accuracy": 0.7704918032786885,
        "precision": 0.7690215314186482,
        "recall": 0.7704918032786885,
        "weighted_f1": 0.7667849567457273,
        "macro_f1": 0.7174603795625334
    },
    "9": {
        "accuracy": 0.759884281581485,
        "precision": 0.757560506343097,
        "recall": 0.759884281581485,
        "weighted_f1": 0.7564331697584883,
        "macro_f1": 0.7118640049600904
    },
    "summary": "76.62\u00b10.61 76.44\u00b10.65 76.62\u00b10.61 76.35\u00b10.61 71.65\u00b10.84"
}