{
    "0": {
        "accuracy": 0.7704918032786885,
        "precision": 0.7690803047185523,
        "recall": 0.7704918032786885,
        "weighted_f1": 0.7680092580526524,
        "macro_f1": 0.7181431431431431
    },
    "1": {
        "accuracy": 0.7782063645130183,
        "precision": 0.777951753771821,
        "recall": 0.7782063645130183,
        "weighted_f1": 0.7752795432271483,
        "macro_f1": 0.7309706917569384
    },
    "2": {
        "accuracy": 0.772420443587271,
        "precision": 0.7698781126117918,
        "recall": 0.772420443587271,
        "weighted_f1": 0.7703976684439162,
        "macro_f1": 0.7280004802586869
    },
    "3": {
        "accuracy": 0.7454194792671167,
        "precision": 0.7423748011725307,
        "recall": 0.7454194792671167,
        "weighted_f1": 0.7426922610129527,
        "macro_f1": 0.6919469195699608
    },
    "4": {
        "accuracy": 0.7695274831243973,
        "precision": 0.7677244479340876,
        "recall": 0.7695274831243973,
        "weighted_f1": 0.7683355744906939,
        "macro_f1": 0.7216828655720481
    },
    "5": {
        "accuracy": 0.759884281581485,
        "precision": 0.7571342383311298,
        "recall": 0.759884281581485,
        "weighted_f1": 0.7580723195194109,
        "macro_f1": 0.7058156768008265
    },
    "6": {
        "accuracy": 0.7704918032786885,
        "precision": 0.7687611372736266,
        "recall": 0.7704918032786885,
        "weighted_f1": 0.7693780324661399,
        "macro_f1": 0.7281425965583462
    },
    "7": {
        "accuracy": 0.7695274831243973,
        "precision": 0.7673090606920852,
        "recall": 0.7695274831243973,
        "weighted_f1": 0.7664363441349611,
        "macro_f1": 0.7121602580702712
    },
    "8": {
        "accuracy": 0.7704918032786885,
        "precision": 0.7686838789793111,
        "recall": 0.7704918032786885,
        "weighted_f1": 0.7688064262336474,
        "macro_f1": 0.7202653292505219
    },
    "9": {
        "accuracy": 0.772420443587271,
        "precision": 0.771630973950503,
        "recall": 0.772420443587271,
        "weighted_f1": 0.7719950728739199,
        "macro_f1": 0.7249945146325133
    },
    "summary": "76.79\u00b10.91 76.61\u00b10.97 76.79\u00b10.91 76.59\u00b10.93 71.82\u00b11.20"
}