{
    "0": {
        "accuracy": 0.6904376012965965,
        "precision": 0.6891179820599999,
        "recall": 0.6904376012965965,
        "weighted_f1": 0.6889147178180133,
        "macro_f1": 0.6614199669755225
    },
    "1": {
        "accuracy": 0.7025931928687196,
        "precision": 0.7016347885154357,
        "recall": 0.7025931928687196,
        "weighted_f1": 0.7014139870648315,
        "macro_f1": 0.6799241443047285
    },
    "2": {
        "accuracy": 0.700162074554295,
        "precision": 0.7002754360531025,
        "recall": 0.700162074554295,
        "weighted_f1": 0.6992219063859184,
        "macro_f1": 0.6821193905161719
    },
    "3": {
        "accuracy": 0.6807131280388979,
        "precision": 0.6792615630875249,
        "recall": 0.6807131280388979,
        "weighted_f1": 0.6783795314799349,
        "macro_f1": 0.6498718811044849
    },
    "4": {
        "accuracy": 0.6653160453808752,
        "precision": 0.6649565628339598,
        "recall": 0.6653160453808752,
        "weighted_f1": 0.6639207954158466,
        "macro_f1": 0.6422921058292589
    },
    "5": {
        "accuracy": 0.7115072933549432,
        "precision": 0.7113828918190643,
        "recall": 0.7115072933549432,
        "weighted_f1": 0.7111015359038392,
        "macro_f1": 0.6992257955270703
    },
    "6": {
        "accuracy": 0.686385737439222,
        "precision": 0.6850148678866911,
        "recall": 0.686385737439222,
        "weighted_f1": 0.6840903488468835,
        "macro_f1": 0.6560932656930997
    },
    "7": {
        "accuracy": 0.686385737439222,
        "precision": 0.6860436664610111,
        "recall": 0.686385737439222,
        "weighted_f1": 0.6858054410033082,
        "macro_f1": 0.6719958394962209
    },
    "8": {
        "accuracy": 0.6815235008103727,
        "precision": 0.6828280766405522,
        "recall": 0.6815235008103727,
        "weighted_f1": 0.6801678830723591,
        "macro_f1": 0.6572164908671826
    },
    "9": {
        "accuracy": 0.6815235008103727,
        "precision": 0.680602348732248,
        "recall": 0.6815235008103727,
        "weighted_f1": 0.6802299645955224,
        "macro_f1": 0.6585011409569067
    },
    "summary": "68.87\u00b11.32 68.81\u00b11.33 68.87\u00b11.32 68.73\u00b11.35 66.59\u00b11.72"
}