{
    "0": {
        "accuracy": 0.7733847637415622,
        "precision": 0.7703285177468684,
        "recall": 0.7733847637415622,
        "weighted_f1": 0.770588948656066,
        "macro_f1": 0.7217810622467852
    },
    "1": {
        "accuracy": 0.7647058823529411,
        "precision": 0.7620841230500758,
        "recall": 0.7647058823529411,
        "weighted_f1": 0.7626442391920634,
        "macro_f1": 0.708825234399372
    },
    "2": {
        "accuracy": 0.7675988428158148,
        "precision": 0.7663558698060643,
        "recall": 0.7675988428158148,
        "weighted_f1": 0.7664542814341204,
        "macro_f1": 0.7243666186570321
    },
    "3": {
        "accuracy": 0.772420443587271,
        "precision": 0.7710849266234786,
        "recall": 0.772420443587271,
        "weighted_f1": 0.7716086628461034,
        "macro_f1": 0.7279579131477196
    },
    "4": {
        "accuracy": 0.7656702025072324,
        "precision": 0.763192498207427,
        "recall": 0.7656702025072324,
        "weighted_f1": 0.7627483756135345,
        "macro_f1": 0.719919865158848
    },
    "5": {
        "accuracy": 0.7512054001928641,
        "precision": 0.7486732435321208,
        "recall": 0.7512054001928641,
        "weighted_f1": 0.7492402528107213,
        "macro_f1": 0.6997883158248758
    },
    "6": {
        "accuracy": 0.7627772420443587,
        "precision": 0.7616365185735668,
        "recall": 0.7627772420443587,
        "weighted_f1": 0.758033540631789,
        "macro_f1": 0.7113469261581592
    },
    "7": {
        "accuracy": 0.7618129218900676,
        "precision": 0.7598278887622125,
        "recall": 0.7618129218900676,
        "weighted_f1": 0.7600796721374046,
        "macro_f1": 0.7162370262060657
    },
    "8": {
        "accuracy": 0.7579556412729026,
        "precision": 0.7588507978597917,
        "recall": 0.7579556412729026,
        "weighted_f1": 0.7583493643168189,
        "macro_f1": 0.7178011214081211
    },
    "9": {
        "accuracy": 0.7791706846673095,
        "precision": 0.7762586456859341,
        "recall": 0.7791706846673095,
        "weighted_f1": 0.7756941957602019,
        "macro_f1": 0.7231948215257509
    },
    "summary": "76.57\u00b10.81 76.38\u00b10.77 76.57\u00b10.81 76.35\u00b10.78 71.71\u00b10.84"
}