{
    "0": {
        "accuracy": 0.7589199614271939,
        "precision": 0.7571853613696069,
        "recall": 0.7589199614271939,
        "weighted_f1": 0.7571453860757764,
        "macro_f1": 0.7126982591276
    },
    "1": {
        "accuracy": 0.7531340405014465,
        "precision": 0.7504687292054314,
        "recall": 0.7531340405014465,
        "weighted_f1": 0.749984565470376,
        "macro_f1": 0.6989714731182457
    },
    "2": {
        "accuracy": 0.772420443587271,
        "precision": 0.7704929936121006,
        "recall": 0.772420443587271,
        "weighted_f1": 0.771127425664165,
        "macro_f1": 0.7267730047973436
    },
    "3": {
        "accuracy": 0.7743490838958534,
        "precision": 0.7714740785942926,
        "recall": 0.7743490838958534,
        "weighted_f1": 0.7712100689214645,
        "macro_f1": 0.7146375092611973
    },
    "4": {
        "accuracy": 0.7579556412729026,
        "precision": 0.7596751536000167,
        "recall": 0.7579556412729026,
        "weighted_f1": 0.7587104228802601,
        "macro_f1": 0.7149578521550871
    },
    "5": {
        "accuracy": 0.772420443587271,
        "precision": 0.7714977489524604,
        "recall": 0.772420443587271,
        "weighted_f1": 0.7711595400682686,
        "macro_f1": 0.7205234061358001
    },
    "6": {
        "accuracy": 0.7531340405014465,
        "precision": 0.751978512769909,
        "recall": 0.7531340405014465,
        "weighted_f1": 0.7506486904107205,
        "macro_f1": 0.7027505102191243
    },
    "7": {
        "accuracy": 0.7579556412729026,
        "precision": 0.7551510404621755,
        "recall": 0.7579556412729026,
        "weighted_f1": 0.7542087459417031,
        "macro_f1": 0.7038412939330979
    },
    "8": {
        "accuracy": 0.7627772420443587,
        "precision": 0.7603564654011982,
        "recall": 0.7627772420443587,
        "weighted_f1": 0.7609581154484323,
        "macro_f1": 0.7122635918033579
    },
    "9": {
        "accuracy": 0.7695274831243973,
        "precision": 0.7687809465441526,
        "recall": 0.7695274831243973,
        "weighted_f1": 0.7651809391906701,
        "macro_f1": 0.7103567930236133
    },
    "summary": "76.33\u00b10.82 76.17\u00b10.82 76.33\u00b10.82 76.10\u00b10.83 71.18\u00b10.84"
}