{
    "0": {
        "accuracy": 0.6896272285251216,
        "precision": 0.688687081315163,
        "recall": 0.6896272285251216,
        "weighted_f1": 0.6883818516465023,
        "macro_f1": 0.6667683607794803
    },
    "1": {
        "accuracy": 0.6961102106969206,
        "precision": 0.6953216793031332,
        "recall": 0.6961102106969206,
        "weighted_f1": 0.6950808429080139,
        "macro_f1": 0.6758140467755768
    },
    "2": {
        "accuracy": 0.6888168557536467,
        "precision": 0.6885773344500483,
        "recall": 0.6888168557536467,
        "weighted_f1": 0.6879853918091676,
        "macro_f1": 0.6729208145651965
    },
    "3": {
        "accuracy": 0.6790923824959482,
        "precision": 0.6786349574741474,
        "recall": 0.6790923824959482,
        "weighted_f1": 0.6785355677281926,
        "macro_f1": 0.6647329498306083
    },
    "4": {
        "accuracy": 0.6961102106969206,
        "precision": 0.6954170514306166,
        "recall": 0.6961102106969206,
        "weighted_f1": 0.6946832629877542,
        "macro_f1": 0.6694604178098896
    },
    "5": {
        "accuracy": 0.6815235008103727,
        "precision": 0.6814511198284993,
        "recall": 0.6815235008103727,
        "weighted_f1": 0.6805294300786616,
        "macro_f1": 0.6637432020431886
    },
    "6": {
        "accuracy": 0.6815235008103727,
        "precision": 0.6814623251693233,
        "recall": 0.6815235008103727,
        "weighted_f1": 0.6808133541670476,
        "macro_f1": 0.6661294172795856
    },
    "7": {
        "accuracy": 0.6871961102106969,
        "precision": 0.6869887048898404,
        "recall": 0.6871961102106969,
        "weighted_f1": 0.6865421833948924,
        "macro_f1": 0.6733442543419924
    },
    "8": {
        "accuracy": 0.6790923824959482,
        "precision": 0.6792688318047974,
        "recall": 0.6790923824959482,
        "weighted_f1": 0.6777714544115994,
        "macro_f1": 0.6600647570045398
    },
    "9": {
        "accuracy": 0.692868719611021,
        "precision": 0.6920505390521599,
        "recall": 0.692868719611021,
        "weighted_f1": 0.690957858066539,
        "macro_f1": 0.6662420315794831
    },
    "summary": "68.72\u00b10.66 68.68\u00b10.63 68.72\u00b10.66 68.61\u00b10.64 66.79\u00b10.49"
}