{
    "0": {
        "accuracy": 0.76374156219865,
        "precision": 0.7609001174129896,
        "recall": 0.76374156219865,
        "weighted_f1": 0.7616794670994889,
        "macro_f1": 0.7171403085236955
    },
    "1": {
        "accuracy": 0.7704918032786885,
        "precision": 0.7683453916186392,
        "recall": 0.7704918032786885,
        "weighted_f1": 0.7690759907520952,
        "macro_f1": 0.7181227156311601
    },
    "2": {
        "accuracy": 0.7647058823529411,
        "precision": 0.7636646514171134,
        "recall": 0.7647058823529411,
        "weighted_f1": 0.763358306489451,
        "macro_f1": 0.7062382587094959
    },
    "3": {
        "accuracy": 0.772420443587271,
        "precision": 0.7709442645062284,
        "recall": 0.772420443587271,
        "weighted_f1": 0.7714709926062964,
        "macro_f1": 0.7282494941520831
    },
    "4": {
        "accuracy": 0.7627772420443587,
        "precision": 0.7601027226862518,
        "recall": 0.7627772420443587,
        "weighted_f1": 0.7602349148154158,
        "macro_f1": 0.7107390086215332
    },
    "5": {
        "accuracy": 0.7704918032786885,
        "precision": 0.7700081076593637,
        "recall": 0.7704918032786885,
        "weighted_f1": 0.7681282814462408,
        "macro_f1": 0.7199757071860539
    },
    "6": {
        "accuracy": 0.7579556412729026,
        "precision": 0.7542921050179944,
        "recall": 0.7579556412729026,
        "weighted_f1": 0.7538534890116907,
        "macro_f1": 0.6978900364727135
    },
    "7": {
        "accuracy": 0.7675988428158148,
        "precision": 0.7644573739908072,
        "recall": 0.7675988428158148,
        "weighted_f1": 0.7641204381096534,
        "macro_f1": 0.7079859902257369
    },
    "8": {
        "accuracy": 0.7801350048216008,
        "precision": 0.7777132403617548,
        "recall": 0.7801350048216008,
        "weighted_f1": 0.778304483230692,
        "macro_f1": 0.7279724230499788
    },
    "9": {
        "accuracy": 0.7492767598842816,
        "precision": 0.7473705713552842,
        "recall": 0.7492767598842816,
        "weighted_f1": 0.748152628693717,
        "macro_f1": 0.6979995144199512
    },
    "summary": "76.60\u00b10.85 76.38\u00b10.87 76.60\u00b10.85 76.38\u00b10.87 71.32\u00b11.09"
}